3,4,5,,
6,8,10, [3 - 4 - 5],
5,12,13,,
9,12,15, [3 - 4 - 5],
8,15,17,,
12,16,20, [3 - 4 - 5],
7,24,25,,
15,20,25, [3 - 4 - 5],
10,24,26, [5 - 12 - 13],
20,21,29,,
18,24,30, [3 - 4 - 5],
16,30,34, [8 - 15 - 17],
21,28,35, [3 - 4 - 5],
12,35,37,,
15,36,39, [5 - 12 - 13],
24,32,40, [3 - 4 - 5],
9,40,41,,
27,36,45, [3 - 4 - 5],
14,48,50, [7 - 24 - 25],
30,40,50, [3 - 4 - 5],
24,45,51, [8 - 15 - 17],
20,48,52, [5 - 12 - 13],
28,45,53,,
33,44,55, [3 - 4 - 5],
40,42,58, [20 - 21 - 29],
36,48,60, [3 - 4 - 5],
11,60,61,,
16,63,65,,
25,60,65, [5 - 12 - 13],
33,56,65,,
39,52,65, [3 - 4 - 5],
32,60,68, [8 - 15 - 17],
42,56,70, [3 - 4 - 5],
48,55,73,,
24,70,74, [12 - 35 - 37],
21,72,75, [7 - 24 - 25],
45,60,75, [3 - 4 - 5],
30,72,78, [5 - 12 - 13],
48,64,80, [3 - 4 - 5],
18,80,82, [9 - 40 - 41],
13,84,85,,
36,77,85,,
40,75,85, [8 - 15 - 17],
51,68,85, [3 - 4 - 5],
60,63,87, [20 - 21 - 29],
39,80,89,,
54,72,90, [3 - 4 - 5],
35,84,91, [5 - 12 - 13],
57,76,95, [3 - 4 - 5],
65,72,97,,
,,,,
28,96,100, [7 - 24 - 25],
60,80,100, [3 - 4 - 5],
20,99,101,,
48,90,102, [8 - 15 - 17],
40,96,104, [5 - 12 - 13],
63,84,105, [3 - 4 - 5],
56,90,106, [28 - 45 - 53],
60,91,109,,
66,88,110, [3 - 4 - 5],
36,105,111, [12 - 35 - 37],
15,112,113,,
69,92,115, [3 - 4 - 5],
80,84,116, [20 - 21 - 29],
45,108,117, [5 - 12 - 13],
56,105,119, [8 - 15 - 17],
72,96,120, [3 - 4 - 5],
22,120,122, [11 - 60 - 61],
27,120,123, [9 - 40 - 41],
35,120,125, [7 - 24 - 25],
44,117,125,,
75,100,125, [3 - 4 - 5],
32,126,130, [16 - 63 - 65],
50,120,130, [5 - 12 - 13],
66,112,130, [33 - 56 - 65],
78,104,130, [3 - 4 - 5],
81,108,135, [3 - 4 - 5],
64,120,136, [8 - 15 - 17],
88,105,137,,
84,112,140, [3 - 4 - 5],
55,132,143, [5 - 12 - 13],
17,144,145,,
24,143,145,,
87,116,145, [3 - 4 - 5],
100,105,145, [20 - 21 - 29],
96,110,146, [48 - 55 - 73],
48,140,148, [12 - 35 - 37],
51,140,149,,
42,144,150, [7 - 24 - 25],
90,120,150, [3 - 4 - 5],
72,135,153, [8 - 15 - 17],
93,124,155, [3 - 4 - 5],
60,144,156, [5 - 12 - 13],
85,132,157,,
84,135,159, [28 - 45 - 53],
96,128,160, [3 - 4 - 5],
36,160,164, [9 - 40 - 41],
99,132,165, [3 - 4 - 5],
65,156,169, [5 - 12 - 13],
119,120,169,,
26,168,170, [13 - 84 - 85],
72,154,170, [36 - 77 - 85],
80,150,170, [8 - 15 - 17],
102,136,170, [3 - 4 - 5],
52,165,173,,
120,126,174, [20 - 21 - 29],
49,168,175, [7 - 24 - 25],
105,140,175, [3 - 4 - 5],
78,160,178, [39 - 80 - 89],
108,144,180, [3 - 4 - 5],
19,180,181,,
70,168,182, [5 - 12 - 13],
33,180,183, [11 - 60 - 61],
57,176,185,,
60,175,185, [12 - 35 - 37],
104,153,185,,
111,148,185, [3 - 4 - 5],
88,165,187, [8 - 15 - 17],
114,152,190, [3 - 4 - 5],
95,168,193,,
130,144,194, [65 - 72 - 97],
48,189,195, [16 - 63 - 65],
75,180,195, [5 - 12 - 13],
99,168,195, [33 - 56 - 65],
117,156,195, [3 - 4 - 5],
28,195,197,,
,,,,
56,192,200, [7 - 24 - 25],
120,160,200, [3 - 4 - 5],
40,198,202, [20 - 99 - 101],
140,147,203, [20 - 21 - 29],
96,180,204, [8 - 15 - 17],
45,200,205, [9 - 40 - 41],
84,187,205,,
123,164,205, [3 - 4 - 5],
133,156,205,,
80,192,208, [5 - 12 - 13],
126,168,210, [3 - 4 - 5],
112,180,212, [28 - 45 - 53],
129,172,215, [3 - 4 - 5],
120,182,218, [60 - 91 - 109],
144,165,219, [48 - 55 - 73],
132,176,220, [3 - 4 - 5],
21,220,221,,
85,204,221, [5 - 12 - 13],
104,195,221, [8 - 15 - 17],
140,171,221,,
72,210,222, [12 - 35 - 37],
63,216,225, [7 - 24 - 25],
135,180,225, [3 - 4 - 5],
30,224,226, [15 - 112 - 113],
60,221,229,,
138,184,230, [3 - 4 - 5],
160,168,232, [20 - 21 - 29],
105,208,233,,
90,216,234, [5 - 12 - 13],
141,188,235, [3 - 4 - 5],
112,210,238, [8 - 15 - 17],
144,192,240, [3 - 4 - 5],
120,209,241,,
44,240,244, [11 - 60 - 61],
147,196,245, [3 - 4 - 5],
54,240,246, [9 - 40 - 41],
95,228,247, [5 - 12 - 13],
70,240,250, [7 - 24 - 25],
88,234,250, [44 - 117 - 125],
150,200,250, [3 - 4 - 5],
39,252,255, [13 - 84 - 85],
108,231,255, [36 - 77 - 85],
120,225,255, [8 - 15 - 17],
153,204,255, [3 - 4 - 5],
32,255,257,,
84,245,259, [12 - 35 - 37],
64,252,260, [16 - 63 - 65],
100,240,260, [5 - 12 - 13],
132,224,260, [33 - 56 - 65],
156,208,260, [3 - 4 - 5],
180,189,261, [20 - 21 - 29],
23,264,265,,
96,247,265,,
140,225,265, [28 - 45 - 53],
159,212,265, [3 - 4 - 5],
117,240,267, [39 - 80 - 89],
69,260,269,,
162,216,270, [3 - 4 - 5],
128,240,272, [8 - 15 - 17],
105,252,273, [5 - 12 - 13],
176,210,274, [88 - 105 - 137],
77,264,275, [7 - 24 - 25],
165,220,275, [3 - 4 - 5],
115,252,277,,
168,224,280, [3 - 4 - 5],
160,231,281,,
171,228,285, [3 - 4 - 5],
110,264,286, [5 - 12 - 13],
63,280,287, [9 - 40 - 41],
136,255,289, [8 - 15 - 17],
161,240,289,,
34,288,290, [17 - 144 - 145],
48,286,290, [24 - 143 - 145],
174,232,290, [3 - 4 - 5],
200,210,290, [20 - 21 - 29],
195,216,291, [65 - 72 - 97],
192,220,292, [48 - 55 - 73],
68,285,293,,
177,236,295, [3 - 4 - 5],
96,280,296, [12 - 35 - 37],
102,280,298, [51 - 140 - 149],
115,276,299, [5 - 12 - 13],
,,,,
84,288,300, [7 - 24 - 25],
180,240,300, [3 - 4 - 5],
60,297,303, [20 - 99 - 101],
55,300,305, [11 - 60 - 61],
136,273,305,,
183,244,305, [3 - 4 - 5],
207,224,305,,
144,270,306, [8 - 15 - 17],
186,248,310, [3 - 4 - 5],
120,288,312, [5 - 12 - 13],
25,312,313,,
170,264,314, [85 - 132 - 157],
189,252,315, [3 - 4 - 5],
75,308,317,,
168,270,318, [28 - 45 - 53],
220,231,319, [20 - 21 - 29],
192,256,320, [3 - 4 - 5],
152,285,323, [8 - 15 - 17],
36,323,325,,
80,315,325, [16 - 63 - 65],
91,312,325, [7 - 24 - 25],
125,300,325, [5 - 12 - 13],
165,280,325, [33 - 56 - 65],
195,260,325, [3 - 4 - 5],
204,253,325,,
180,273,327, [60 - 91 - 109],
72,320,328, [9 - 40 - 41],
198,264,330, [3 - 4 - 5],
108,315,333, [12 - 35 - 37],
201,268,335, [3 - 4 - 5],
175,288,337,,
130,312,338, [5 - 12 - 13],
238,240,338, [119 - 120 - 169],
45,336,339, [15 - 112 - 113],
52,336,340, [13 - 84 - 85],
144,308,340, [36 - 77 - 85],
160,300,340, [8 - 15 - 17],
204,272,340, [3 - 4 - 5],
207,276,345, [3 - 4 - 5],
104,330,346, [52 - 165 - 173],
240,252,348, [20 - 21 - 29],
180,299,349,,
98,336,350, [7 - 24 - 25],
210,280,350, [3 - 4 - 5],
135,324,351, [5 - 12 - 13],
225,272,353,,
213,284,355, [3 - 4 - 5],
156,320,356, [39 - 80 - 89],
168,315,357, [8 - 15 - 17],
216,288,360, [3 - 4 - 5],
38,360,362, [19 - 180 - 181],
140,336,364, [5 - 12 - 13],
27,364,365,,
76,357,365,,
219,292,365, [3 - 4 - 5],
240,275,365, [48 - 55 - 73],
66,360,366, [11 - 60 - 61],
81,360,369, [9 - 40 - 41],
114,352,370, [57 - 176 - 185],
120,350,370, [12 - 35 - 37],
208,306,370, [104 - 153 - 185],
222,296,370, [3 - 4 - 5],
196,315,371, [28 - 45 - 53],
252,275,373,,
176,330,374, [8 - 15 - 17],
105,360,375, [7 - 24 - 25],
132,351,375, [44 - 117 - 125],
225,300,375, [3 - 4 - 5],
135,352,377,,
145,348,377, [5 - 12 - 13],
152,345,377,,
260,273,377, [20 - 21 - 29],
228,304,380, [3 - 4 - 5],
231,308,385, [3 - 4 - 5],
190,336,386, [95 - 168 - 193],
260,288,388, [65 - 72 - 97],
189,340,389,,
96,378,390, [16 - 63 - 65],
150,360,390, [5 - 12 - 13],
198,336,390, [33 - 56 - 65],
234,312,390, [3 - 4 - 5],
184,345,391, [8 - 15 - 17],
56,390,394, [28 - 195 - 197],
237,316,395, [3 - 4 - 5],
228,325,397,,
,,,,
112,384,400, [7 - 24 - 25],
240,320,400, [3 - 4 - 5],
40,399,401,,
155,372,403, [5 - 12 - 13],
80,396,404, [20 - 99 - 101],
243,324,405, [3 - 4 - 5],
280,294,406, [20 - 21 - 29],
132,385,407, [12 - 35 - 37],
192,360,408, [8 - 15 - 17],
120,391,409,,
90,400,410, [9 - 40 - 41],
168,374,410, [84 - 187 - 205],
246,328,410, [3 - 4 - 5],
266,312,410, [133 - 156 - 205],
264,315,411, [88 - 105 - 137],
249,332,415, [3 - 4 - 5],
160,384,416, [5 - 12 - 13],
252,336,420, [3 - 4 - 5],
29,420,421,,
224,360,424, [28 - 45 - 53],
65,420,425, [13 - 84 - 85],
87,416,425,,
119,408,425, [7 - 24 - 25],
180,385,425, [36 - 77 - 85],
200,375,425, [8 - 15 - 17],
255,340,425, [3 - 4 - 5],
297,304,425,,
77,420,427, [11 - 60 - 61],
165,396,429, [5 - 12 - 13],
258,344,430, [3 - 4 - 5],
145,408,433,,
51,432,435, [17 - 144 - 145],
72,429,435, [24 - 143 - 145],
261,348,435, [3 - 4 - 5],
300,315,435, [20 - 21 - 29],
240,364,436, [60 - 91 - 109],
288,330,438, [48 - 55 - 73],
264,352,440, [3 - 4 - 5],
42,440,442, [21 - 220 - 221],
170,408,442, [5 - 12 - 13],
208,390,442, [8 - 15 - 17],
280,342,442, [140 - 171 - 221],
144,420,444, [12 - 35 - 37],
84,437,445,,
195,400,445, [39 - 80 - 89],
203,396,445,,
267,356,445, [3 - 4 - 5],
153,420,447, [51 - 140 - 149],
280,351,449,,
126,432,450, [7 - 24 - 25],
270,360,450, [3 - 4 - 5],
99,440,451, [9 - 40 - 41],
60,448,452, [15 - 112 - 113],
112,441,455, [16 - 63 - 65],
175,420,455, [5 - 12 - 13],
231,392,455, [33 - 56 - 65],
273,364,455, [3 - 4 - 5],
168,425,457,,
120,442,458, [60 - 221 - 229],
216,405,459, [8 - 15 - 17],
276,368,460, [3 - 4 - 5],
261,380,461,,
320,336,464, [20 - 21 - 29],
279,372,465, [3 - 4 - 5],
210,416,466, [105 - 208 - 233],
180,432,468, [5 - 12 - 13],
282,376,470, [3 - 4 - 5],
255,396,471, [85 - 132 - 157],
133,456,475, [7 - 24 - 25],
285,380,475, [3 - 4 - 5],
224,420,476, [8 - 15 - 17],
252,405,477, [28 - 45 - 53],
288,384,480, [3 - 4 - 5],
31,480,481,,
156,455,481, [12 - 35 - 37],
185,444,481, [5 - 12 - 13],
319,360,481,,
240,418,482, [120 - 209 - 241],
44,483,485,,
93,476,485,,
291,388,485, [3 - 4 - 5],
325,360,485, [65 - 72 - 97],
88,480,488, [11 - 60 - 61],
294,392,490, [3 - 4 - 5],
108,480,492, [9 - 40 - 41],
132,475,493,,
155,468,493,,
232,435,493, [8 - 15 - 17],
340,357,493, [20 - 21 - 29],
190,456,494, [5 - 12 - 13],
297,396,495, [3 - 4 - 5],
,,,,
140,480,500, [7 - 24 - 25],
176,468,500, [44 - 117 - 125],
300,400,500, [3 - 4 - 5],
100,495,505, [20 - 99 - 101],
217,456,505,,
303,404,505, [3 - 4 - 5],
336,377,505,,
195,468,507, [5 - 12 - 13],
357,360,507, [119 - 120 - 169],
220,459,509,,
78,504,510, [13 - 84 - 85],
216,462,510, [36 - 77 - 85],
240,450,510, [8 - 15 - 17],
306,408,510, [3 - 4 - 5],
336,385,511, [48 - 55 - 73],
64,510,514, [32 - 255 - 257],
309,412,515, [3 - 4 - 5],
168,490,518, [12 - 35 - 37],
156,495,519, [52 - 165 - 173],
128,504,520, [16 - 63 - 65],
200,480,520, [5 - 12 - 13],
264,448,520, [33 - 56 - 65],
312,416,520, [3 - 4 - 5],
279,440,521,,
360,378,522, [20 - 21 - 29],
147,504,525, [7 - 24 - 25],
315,420,525, [3 - 4 - 5],
248,465,527, [8 - 15 - 17],
46,528,530, [23 - 264 - 265],
192,494,530, [96 - 247 - 265],
280,450,530, [28 - 45 - 53],
318,424,530, [3 - 4 - 5],
92,525,533,,
117,520,533, [9 - 40 - 41],
205,492,533, [5 - 12 - 13],
308,435,533,,
234,480,534, [39 - 80 - 89],
321,428,535, [3 - 4 - 5],
138,520,538, [69 - 260 - 269],
324,432,540, [3 - 4 - 5],
341,420,541,,
57,540,543, [19 - 180 - 181],
256,480,544, [8 - 15 - 17],
33,544,545,,
184,513,545,,
300,455,545, [60 - 91 - 109],
327,436,545, [3 - 4 - 5],
210,504,546, [5 - 12 - 13],
352,420,548, [88 - 105 - 137],
99,540,549, [11 - 60 - 61],
154,528,550, [7 - 24 - 25],
330,440,550, [3 - 4 - 5],
380,399,551, [20 - 21 - 29],
230,504,554, [115 - 252 - 277],
171,528,555, [57 - 176 - 185],
180,525,555, [12 - 35 - 37],
312,459,555, [104 - 153 - 185],
333,444,555, [3 - 4 - 5],
165,532,557,,
215,516,559, [5 - 12 - 13],
336,448,560, [3 - 4 - 5],
264,495,561, [8 - 15 - 17],
320,462,562, [160 - 231 - 281],
75,560,565, [15 - 112 - 113],
276,493,565,,
339,452,565, [3 - 4 - 5],
396,403,565,,
231,520,569,,
342,456,570, [3 - 4 - 5],
220,528,572, [5 - 12 - 13],
126,560,574, [9 - 40 - 41],
161,552,575, [7 - 24 - 25],
345,460,575, [3 - 4 - 5],
48,575,577,,
272,510,578, [8 - 15 - 17],
322,480,578, [161 - 240 - 289],
285,504,579, [95 - 168 - 193],
68,576,580, [17 - 144 - 145],
96,572,580, [24 - 143 - 145],
348,464,580, [3 - 4 - 5],
400,420,580, [20 - 21 - 29],
390,432,582, [65 - 72 - 97],
308,495,583, [28 - 45 - 53],
384,440,584, [48 - 55 - 73],
144,567,585, [16 - 63 - 65],
225,540,585, [5 - 12 - 13],
297,504,585, [33 - 56 - 65],
351,468,585, [3 - 4 - 5],
136,570,586, [68 - 285 - 293],
354,472,590, [3 - 4 - 5],
84,585,591, [28 - 195 - 197],
192,560,592, [12 - 35 - 37],
368,465,593,,
91,588,595, [13 - 84 - 85],
252,539,595, [36 - 77 - 85],
280,525,595, [8 - 15 - 17],
357,476,595, [3 - 4 - 5],
204,560,596, [51 - 140 - 149],
230,552,598, [5 - 12 - 13],
,,,,
168,576,600, [7 - 24 - 25],
360,480,600, [3 - 4 - 5],
240,551,601,,
363,484,605, [3 - 4 - 5],
120,594,606, [20 - 99 - 101],
420,441,609, [20 - 21 - 29],
110,600,610, [11 - 60 - 61],
272,546,610, [136 - 273 - 305],
366,488,610, [3 - 4 - 5],
414,448,610, [207 - 224 - 305],
235,564,611, [5 - 12 - 13],
288,540,612, [8 - 15 - 17],
35,612,613,,
135,600,615, [9 - 40 - 41],
252,561,615, [84 - 187 - 205],
369,492,615, [3 - 4 - 5],
399,468,615, [133 - 156 - 205],
105,608,617,,
372,496,620, [3 - 4 - 5],
273,560,623, [39 - 80 - 89],
240,576,624, [5 - 12 - 13],
175,600,625, [7 - 24 - 25],
220,585,625, [44 - 117 - 125],
336,527,625,,
375,500,625, [3 - 4 - 5],
50,624,626, [25 - 312 - 313],
340,528,628, [85 - 132 - 157],
100,621,629,,
204,595,629, [12 - 35 - 37],
296,555,629, [8 - 15 - 17],
429,460,629,,
378,504,630, [3 - 4 - 5],
150,616,634, [75 - 308 - 317],
381,508,635, [3 - 4 - 5],
336,540,636, [28 - 45 - 53],
245,588,637, [5 - 12 - 13],
440,462,638, [20 - 21 - 29],
384,512,640, [3 - 4 - 5],
200,609,641,,
387,516,645, [3 - 4 - 5],
304,570,646, [8 - 15 - 17],
72,646,650, [36 - 323 - 325],
160,630,650, [16 - 63 - 65],
182,624,650, [7 - 24 - 25],
250,600,650, [5 - 12 - 13],
330,560,650, [33 - 56 - 65],
390,520,650, [3 - 4 - 5],
408,506,650, [204 - 253 - 325],
315,572,653,,
360,546,654, [60 - 91 - 109],
393,524,655, [3 - 4 - 5],
144,640,656, [9 - 40 - 41],
432,495,657, [48 - 55 - 73],
396,528,660, [3 - 4 - 5],
300,589,661,,
63,660,663, [21 - 220 - 221],
255,612,663, [5 - 12 - 13],
312,585,663, [8 - 15 - 17],
420,513,663, [140 - 171 - 221],
399,532,665, [3 - 4 - 5],
216,630,666, [12 - 35 - 37],
460,483,667, [20 - 21 - 29],
402,536,670, [3 - 4 - 5],
121,660,671, [11 - 60 - 61],
385,552,673,,
350,576,674, [175 - 288 - 337],
189,648,675, [7 - 24 - 25],
405,540,675, [3 - 4 - 5],
260,624,676, [5 - 12 - 13],
476,480,676, [119 - 120 - 169],
52,675,677,,
90,672,678, [15 - 112 - 113],
455,504,679, [65 - 72 - 97],
104,672,680, [13 - 84 - 85],
288,616,680, [36 - 77 - 85],
320,600,680, [8 - 15 - 17],
408,544,680, [3 - 4 - 5],
37,684,685,,
156,667,685,,
411,548,685, [3 - 4 - 5],
440,525,685, [88 - 105 - 137],
180,663,687, [60 - 221 - 229],
111,680,689,,
265,636,689, [5 - 12 - 13],
364,585,689, [28 - 45 - 53],
400,561,689,,
414,552,690, [3 - 4 - 5],
208,660,692, [52 - 165 - 173],
417,556,695, [3 - 4 - 5],
480,504,696, [20 - 21 - 29],
153,680,697, [9 - 40 - 41],
185,672,697,,
328,615,697, [8 - 15 - 17],
455,528,697,,
360,598,698, [180 - 299 - 349],
315,624,699, [105 - 208 - 233],
,,,,
196,672,700, [7 - 24 - 25],
420,560,700, [3 - 4 - 5],
260,651,701,,
270,648,702, [5 - 12 - 13],
228,665,703, [12 - 35 - 37],
423,564,705, [3 - 4 - 5],
450,544,706, [225 - 272 - 353],
140,693,707, [20 - 99 - 101],
259,660,709,,
426,568,710, [3 - 4 - 5],
312,640,712, [39 - 80 - 89],
336,630,714, [8 - 15 - 17],
176,693,715, [16 - 63 - 65],
275,660,715, [5 - 12 - 13],
363,616,715, [33 - 56 - 65],
429,572,715, [3 - 4 - 5],
432,576,720, [3 - 4 - 5],
360,627,723, [120 - 209 - 241],
76,720,724, [19 - 180 - 181],
85,720,725, [17 - 144 - 145],
120,715,725, [24 - 143 - 145],
203,696,725, [7 - 24 - 25],
333,644,725,,
364,627,725,,
435,580,725, [3 - 4 - 5],
500,525,725, [20 - 21 - 29],
280,672,728, [5 - 12 - 13],
54,728,730, [27 - 364 - 365],
152,714,730, [76 - 357 - 365],
438,584,730, [3 - 4 - 5],
480,550,730, [48 - 55 - 73],
344,645,731, [8 - 15 - 17],
132,720,732, [11 - 60 - 61],
108,725,733,,
441,588,735, [3 - 4 - 5],
162,720,738, [9 - 40 - 41],
228,704,740, [57 - 176 - 185],
240,700,740, [12 - 35 - 37],
416,612,740, [104 - 153 - 185],
444,592,740, [3 - 4 - 5],
285,684,741, [5 - 12 - 13],
392,630,742, [28 - 45 - 53],
216,713,745,,
255,700,745, [51 - 140 - 149],
407,624,745,,
447,596,745, [3 - 4 - 5],
504,550,746, [252 - 275 - 373],
352,660,748, [8 - 15 - 17],
210,720,750, [7 - 24 - 25],
264,702,750, [44 - 117 - 125],
450,600,750, [3 - 4 - 5],
270,704,754, [135 - 352 - 377],
290,696,754, [5 - 12 - 13],
304,690,754, [152 - 345 - 377],
520,546,754, [20 - 21 - 29],
453,604,755, [3 - 4 - 5],
468,595,757,,
456,608,760, [3 - 4 - 5],
39,760,761,,
420,637,763, [60 - 91 - 109],
117,756,765, [13 - 84 - 85],
324,693,765, [36 - 77 - 85],
360,675,765, [8 - 15 - 17],
459,612,765, [3 - 4 - 5],
295,708,767, [5 - 12 - 13],
481,600,769,,
462,616,770, [3 - 4 - 5],
96,765,771, [32 - 255 - 257],
380,672,772, [95 - 168 - 193],
195,748,773,,
217,744,775, [7 - 24 - 25],
465,620,775, [3 - 4 - 5],
520,576,776, [65 - 72 - 97],
252,735,777, [12 - 35 - 37],
378,680,778, [189 - 340 - 389],
171,760,779, [9 - 40 - 41],
192,756,780, [16 - 63 - 65],
300,720,780, [5 - 12 - 13],
396,672,780, [33 - 56 - 65],
468,624,780, [3 - 4 - 5],
368,690,782, [8 - 15 - 17],
540,567,783, [20 - 21 - 29],
56,783,785,,
273,736,785,,
425,660,785, [85 - 132 - 157],
471,628,785, [3 - 4 - 5],
112,780,788, [28 - 195 - 197],
474,632,790, [3 - 4 - 5],
105,784,791, [15 - 112 - 113],
143,780,793, [11 - 60 - 61],
168,775,793,,
305,732,793, [5 - 12 - 13],
432,665,793,,
456,650,794, [228 - 325 - 397],
69,792,795, [23 - 264 - 265],
288,741,795, [96 - 247 - 265],
420,675,795, [28 - 45 - 53],
477,636,795, [3 - 4 - 5],
555,572,797,,
376,705,799, [8 - 15 - 17],
,,,,
224,768,800, [7 - 24 - 25],
480,640,800, [3 - 4 - 5],
351,720,801, [39 - 80 - 89],
80,798,802, [40 - 399 - 401],
528,605,803, [48 - 55 - 73],
483,644,805, [3 - 4 - 5],
310,744,806, [5 - 12 - 13],
207,780,807, [69 - 260 - 269],
160,792,808, [20 - 99 - 101],
280,759,809,,
486,648,810, [3 - 4 - 5],
560,588,812, [20 - 21 - 29],
264,770,814, [12 - 35 - 37],
489,652,815, [3 - 4 - 5],
384,720,816, [8 - 15 - 17],
240,782,818, [120 - 391 - 409],
315,756,819, [5 - 12 - 13],
180,800,820, [9 - 40 - 41],
336,748,820, [84 - 187 - 205],
492,656,820, [3 - 4 - 5],
532,624,820, [133 - 156 - 205],
429,700,821,,
528,630,822, [88 - 105 - 137],
231,792,825, [7 - 24 - 25],
495,660,825, [3 - 4 - 5],
540,629,829,,
498,664,830, [3 - 4 - 5],
345,756,831, [115 - 252 - 277],
320,768,832, [5 - 12 - 13],
392,735,833, [8 - 15 - 17],
501,668,835, [3 - 4 - 5],
504,672,840, [3 - 4 - 5],
41,840,841,,
580,609,841, [20 - 21 - 29],
58,840,842, [29 - 420 - 421],
480,693,843, [160 - 231 - 281],
116,837,845,,
123,836,845,,
208,819,845, [16 - 63 - 65],
325,780,845, [5 - 12 - 13],
429,728,845, [33 - 56 - 65],
507,676,845, [3 - 4 - 5],
595,600,845, [119 - 120 - 169],
448,720,848, [28 - 45 - 53],
130,840,850, [13 - 84 - 85],
174,832,850, [87 - 416 - 425],
238,816,850, [7 - 24 - 25],
360,770,850, [36 - 77 - 85],
400,750,850, [8 - 15 - 17],
510,680,850, [3 - 4 - 5],
594,608,850, [297 - 304 - 425],
276,805,851, [12 - 35 - 37],
205,828,853,,
154,840,854, [11 - 60 - 61],
513,684,855, [3 - 4 - 5],
232,825,857,,
330,792,858, [5 - 12 - 13],
516,688,860, [3 - 4 - 5],
189,840,861, [9 - 40 - 41],
260,825,865, [52 - 165 - 173],
287,816,865,,
504,703,865,,
519,692,865, [3 - 4 - 5],
290,816,866, [145 - 408 - 433],
408,765,867, [8 - 15 - 17],
483,720,867, [161 - 240 - 289],
102,864,870, [17 - 144 - 145],
144,858,870, [24 - 143 - 145],
522,696,870, [3 - 4 - 5],
600,630,870, [20 - 21 - 29],
335,804,871, [5 - 12 - 13],
480,728,872, [60 - 91 - 109],
585,648,873, [65 - 72 - 97],
245,840,875, [7 - 24 - 25],
308,819,875, [44 - 117 - 125],
525,700,875, [3 - 4 - 5],
576,660,876, [48 - 55 - 73],
348,805,877,,
204,855,879, [68 - 285 - 293],
528,704,880, [3 - 4 - 5],
369,800,881,,
84,880,884, [21 - 220 - 221],
340,816,884, [5 - 12 - 13],
416,780,884, [8 - 15 - 17],
560,684,884, [140 - 171 - 221],
531,708,885, [3 - 4 - 5],
288,840,888, [12 - 35 - 37],
168,874,890, [84 - 437 - 445],
390,800,890, [39 - 80 - 89],
406,792,890, [203 - 396 - 445],
534,712,890, [3 - 4 - 5],
306,840,894, [51 - 140 - 149],
537,716,895, [3 - 4 - 5],
345,828,897, [5 - 12 - 13],
560,702,898, [280 - 351 - 449],
620,651,899, [20 - 21 - 29],
252,864,900, [7 - 24 - 25],
,,,,
540,720,900, [3 - 4 - 5],
60,899,901,,
424,795,901, [8 - 15 - 17],
451,780,901,,
476,765,901, [28 - 45 - 53],
198,880,902, [9 - 40 - 41],
120,896,904, [15 - 112 - 113],
95,900,905, [19 - 180 - 181],
464,777,905,,
543,724,905, [3 - 4 - 5],
616,663,905,,
180,891,909, [20 - 99 - 101],
224,882,910, [16 - 63 - 65],
350,840,910, [5 - 12 - 13],
462,784,910, [33 - 56 - 65],
546,728,910, [3 - 4 - 5],
336,850,914, [168 - 425 - 457],
165,900,915, [11 - 60 - 61],
408,819,915, [136 - 273 - 305],
549,732,915, [3 - 4 - 5],
621,672,915, [207 - 224 - 305],
240,884,916, [60 - 221 - 229],
432,810,918, [8 - 15 - 17],
552,736,920, [3 - 4 - 5],
522,760,922, [261 - 380 - 461],
355,852,923, [5 - 12 - 13],
43,924,925,,
259,888,925, [7 - 24 - 25],
285,880,925, [57 - 176 - 185],
300,875,925, [12 - 35 - 37],
520,765,925, [104 - 153 - 185],
533,756,925,,
555,740,925, [3 - 4 - 5],
640,672,928, [20 - 21 - 29],
129,920,929,,
558,744,930, [3 - 4 - 5],
420,832,932, [105 - 208 - 233],
143,924,935, [13 - 84 - 85],
396,847,935, [36 - 77 - 85],
440,825,935, [8 - 15 - 17],
561,748,935, [3 - 4 - 5],
360,864,936, [5 - 12 - 13],
215,912,937,,
75,936,939, [25 - 312 - 313],
564,752,940, [3 - 4 - 5],
580,741,941,,
510,792,942, [85 - 132 - 157],
207,920,943, [9 - 40 - 41],
567,756,945, [3 - 4 - 5],
301,900,949,,
365,876,949, [5 - 12 - 13],
420,851,949,,
624,715,949, [48 - 55 - 73],
266,912,950, [7 - 24 - 25],
570,760,950, [3 - 4 - 5],
225,924,951, [75 - 308 - 317],
448,840,952, [8 - 15 - 17],
615,728,953,,
504,810,954, [28 - 45 - 53],
573,764,955, [3 - 4 - 5],
660,693,957, [20 - 21 - 29],
616,735,959, [88 - 105 - 137],
576,768,960, [3 - 4 - 5],
62,960,962, [31 - 480 - 481],
312,910,962, [12 - 35 - 37],
370,888,962, [5 - 12 - 13],
638,720,962, [319 - 360 - 481],
480,836,964, [120 - 209 - 241],
124,957,965,,
387,884,965,,
475,840,965, [95 - 168 - 193],
579,772,965, [3 - 4 - 5],
456,855,969, [8 - 15 - 17],
88,966,970, [44 - 483 - 485],
186,952,970, [93 - 476 - 485],
582,776,970, [3 - 4 - 5],
650,720,970, [65 - 72 - 97],
108,969,975, [36 - 323 - 325],
240,945,975, [16 - 63 - 65],
273,936,975, [7 - 24 - 25],
375,900,975, [5 - 12 - 13],
495,840,975, [33 - 56 - 65],
585,780,975, [3 - 4 - 5],
612,759,975, [204 - 253 - 325],
176,960,976, [11 - 60 - 61],
248,945,977,,
429,880,979, [39 - 80 - 89],
588,784,980, [3 - 4 - 5],
540,819,981, [60 - 91 - 109],
216,960,984, [9 - 40 - 41],
140,975,985, [28 - 195 - 197],
473,864,985,,
591,788,985, [3 - 4 - 5],
696,697,985,,
264,950,986, [132 - 475 - 493],
310,936,986, [155 - 468 - 493],
464,870,986, [8 - 15 - 17],
680,714,986, [20 - 21 - 29],
380,912,988, [5 - 12 - 13],
594,792,990, [3 - 4 - 5],
597,796,995, [3 - 4 - 5],
372,925,997,,
324,945,999, [12 - 35 - 37],
,,,,
280,960,1000, [7 - 24 - 25],
352,936,1000, [44 - 117 - 125],
600,800,1000, [3 - 4 - 5],
385,924,1001, [5 - 12 - 13],
472,885,1003, [8 - 15 - 17],
603,804,1005, [3 - 4 - 5],
532,855,1007, [28 - 45 - 53],
559,840,1009,,
200,990,1010, [20 - 99 - 101],
434,912,1010, [217 - 456 - 505],
606,808,1010, [3 - 4 - 5],
672,754,1010, [336 - 377 - 505],
525,864,1011, [175 - 288 - 337],
45,1012,1013,,
390,936,1014, [5 - 12 - 13],
714,720,1014, [119 - 120 - 169],
119,1008,1015, [17 - 144 - 145],
168,1001,1015, [24 - 143 - 145],
609,812,1015, [3 - 4 - 5],
700,735,1015, [20 - 21 - 29],
135,1008,1017, [15 - 112 - 113],
440,918,1018, [220 - 459 - 509],
156,1008,1020, [13 - 84 - 85],
432,924,1020, [36 - 77 - 85],
480,900,1020, [8 - 15 - 17],
612,816,1020, [3 - 4 - 5],
660,779,1021,,
672,770,1022, [48 - 55 - 73],
64,1023,1025,,
225,1000,1025, [9 - 40 - 41],
287,984,1025, [7 - 24 - 25],
420,935,1025, [84 - 187 - 205],
496,897,1025,,
615,820,1025, [3 - 4 - 5],
665,780,1025, [133 - 156 - 205],
395,948,1027, [5 - 12 - 13],
128,1020,1028, [32 - 255 - 257],
618,824,1030, [3 - 4 - 5],
192,1015,1033,,
621,828,1035, [3 - 4 - 5],
336,980,1036, [12 - 35 - 37],
187,1020,1037, [11 - 60 - 61],
315,988,1037,,
488,915,1037, [8 - 15 - 17],
645,812,1037,,
312,990,1038, [52 - 165 - 173],
256,1008,1040, [16 - 63 - 65],
400,960,1040, [5 - 12 - 13],
528,896,1040, [33 - 56 - 65],
624,832,1040, [3 - 4 - 5],
558,880,1042, [279 - 440 - 521],
357,980,1043, [51 - 140 - 149],
720,756,1044, [20 - 21 - 29],
627,836,1045, [3 - 4 - 5],
540,897,1047, [180 - 299 - 349],
320,999,1049,,
294,1008,1050, [7 - 24 - 25],
630,840,1050, [3 - 4 - 5],
405,972,1053, [5 - 12 - 13],
496,930,1054, [8 - 15 - 17],
633,844,1055, [3 - 4 - 5],
675,816,1059, [225 - 272 - 353],
92,1056,1060, [23 - 264 - 265],
384,988,1060, [96 - 247 - 265],
560,900,1060, [28 - 45 - 53],
636,848,1060, [3 - 4 - 5],
620,861,1061,,
639,852,1065, [3 - 4 - 5],
184,1050,1066, [92 - 525 - 533],
234,1040,1066, [9 - 40 - 41],
410,984,1066, [5 - 12 - 13],
616,870,1066, [308 - 435 - 533],
715,792,1067, [65 - 72 - 97],
468,960,1068, [39 - 80 - 89],
731,780,1069,,
642,856,1070, [3 - 4 - 5],
504,945,1071, [8 - 15 - 17],
348,1015,1073, [12 - 35 - 37],
448,975,1073,,
495,952,1073,,
740,777,1073, [20 - 21 - 29],
301,1032,1075, [7 - 24 - 25],
645,860,1075, [3 - 4 - 5],
276,1040,1076, [69 - 260 - 269],
415,996,1079, [5 - 12 - 13],
648,864,1080, [3 - 4 - 5],
682,840,1082, [341 - 420 - 541],
651,868,1085, [3 - 4 - 5],
114,1080,1086, [19 - 180 - 181],
512,960,1088, [8 - 15 - 17],
66,1088,1090, [33 - 544 - 545],
368,1026,1090, [184 - 513 - 545],
600,910,1090, [60 - 91 - 109],
654,872,1090, [3 - 4 - 5],
420,1008,1092, [5 - 12 - 13],
132,1085,1093,,
81,1092,1095, [27 - 364 - 365],
228,1071,1095, [76 - 357 - 365],
657,876,1095, [3 - 4 - 5],
720,825,1095, [48 - 55 - 73],
704,840,1096, [88 - 105 - 137],
585,928,1097,,
198,1080,1098, [11 - 60 - 61],
595,924,1099, [85 - 132 - 157],
,,,,
308,1056,1100, [7 - 24 - 25],
660,880,1100, [3 - 4 - 5],
760,798,1102, [20 - 21 - 29],
47,1104,1105,,
105,1100,1105, [21 - 220 - 221],
169,1092,1105, [13 - 84 - 85],
264,1073,1105,,
272,1071,1105, [16 - 63 - 65],
425,1020,1105, [5 - 12 - 13],
468,1001,1105, [36 - 77 - 85],
520,975,1105, [8 - 15 - 17],
561,952,1105, [33 - 56 - 65],
576,943,1105,,
663,884,1105, [3 - 4 - 5],
700,855,1105, [140 - 171 - 221],
744,817,1105,,
243,1080,1107, [9 - 40 - 41],
460,1008,1108, [115 - 252 - 277],
141,1100,1109,,
342,1056,1110, [57 - 176 - 185],
360,1050,1110, [12 - 35 - 37],
624,918,1110, [104 - 153 - 185],
666,888,1110, [3 - 4 - 5],
220,1089,1111, [20 - 99 - 101],
588,945,1113, [28 - 45 - 53],
330,1064,1114, [165 - 532 - 557],
669,892,1115, [3 - 4 - 5],
235,1092,1117,,
430,1032,1118, [5 - 12 - 13],
756,825,1119, [252 - 275 - 373],
672,896,1120, [3 - 4 - 5],
528,990,1122, [8 - 15 - 17],
640,924,1124, [160 - 231 - 281],
315,1080,1125, [7 - 24 - 25],
396,1053,1125, [44 - 117 - 125],
675,900,1125, [3 - 4 - 5],
329,1080,1129,,
150,1120,1130, [15 - 112 - 113],
552,986,1130, [276 - 493 - 565],
678,904,1130, [3 - 4 - 5],
792,806,1130, [396 - 403 - 565],
405,1056,1131, [135 - 352 - 377],
435,1044,1131, [5 - 12 - 13],
456,1035,1131, [152 - 345 - 377],
780,819,1131, [20 - 21 - 29],
681,908,1135, [3 - 4 - 5],
462,1040,1138, [231 - 520 - 569],
536,1005,1139, [8 - 15 - 17],
684,912,1140, [3 - 4 - 5],
440,1056,1144, [5 - 12 - 13],
300,1105,1145, [60 - 221 - 229],
423,1064,1145,,
687,916,1145, [3 - 4 - 5],
704,903,1145,,
372,1085,1147, [12 - 35 - 37],
252,1120,1148, [9 - 40 - 41],
322,1104,1150, [7 - 24 - 25],
690,920,1150, [3 - 4 - 5],
528,1025,1153,,
96,1150,1154, [48 - 575 - 577],
693,924,1155, [3 - 4 - 5],
544,1020,1156, [8 - 15 - 17],
644,960,1156, [161 - 240 - 289],
68,1155,1157,,
445,1068,1157, [5 - 12 - 13],
507,1040,1157, [39 - 80 - 89],
765,868,1157,,
570,1008,1158, [95 - 168 - 193],
209,1140,1159, [11 - 60 - 61],
136,1152,1160, [17 - 144 - 145],
192,1144,1160, [24 - 143 - 145],
696,928,1160, [3 - 4 - 5],
800,840,1160, [20 - 21 - 29],
780,864,1164, [65 - 72 - 97],
204,1147,1165,,
517,1044,1165,,
525,1040,1165, [105 - 208 - 233],
699,932,1165, [3 - 4 - 5],
616,990,1166, [28 - 45 - 53],
567,1020,1167, [189 - 340 - 389],
768,880,1168, [48 - 55 - 73],
288,1134,1170, [16 - 63 - 65],
450,1080,1170, [5 - 12 - 13],
594,1008,1170, [33 - 56 - 65],
702,936,1170, [3 - 4 - 5],
272,1140,1172, [68 - 285 - 293],
552,1035,1173, [8 - 15 - 17],
329,1128,1175, [7 - 24 - 25],
705,940,1175, [3 - 4 - 5],
708,944,1180, [3 - 4 - 5],
340,1131,1181,,
168,1170,1182, [28 - 195 - 197],
455,1092,1183, [5 - 12 - 13],
833,840,1183, [119 - 120 - 169],
384,1120,1184, [12 - 35 - 37],
711,948,1185, [3 - 4 - 5],
736,930,1186, [368 - 465 - 593],
261,1160,1189, [9 - 40 - 41],
611,1020,1189,,
660,989,1189,,
820,861,1189, [20 - 21 - 29],
182,1176,1190, [13 - 84 - 85],
504,1078,1190, [36 - 77 - 85],
560,1050,1190, [8 - 15 - 17],
714,952,1190, [3 - 4 - 5],
684,975,1191, [228 - 325 - 397],
408,1120,1192, [51 - 140 - 149],
832,855,1193,,
717,956,1195, [3 - 4 - 5],
460,1104,1196, [5 - 12 - 13],
660,1001,1199, [60 - 91 - 109],
,,,,
336,1152,1200, [7 - 24 - 25],
720,960,1200, [3 - 4 - 5],
49,1200,1201,,
480,1102,1202, [240 - 551 - 601],
120,1197,1203, [40 - 399 - 401],
147,1196,1205,,
476,1107,1205,,
600,1045,1205, [120 - 209 - 241],
723,964,1205, [3 - 4 - 5],
568,1065,1207, [8 - 15 - 17],
465,1116,1209, [5 - 12 - 13],
726,968,1210, [3 - 4 - 5],
364,1155,1211, [52 - 165 - 173],
240,1188,1212, [20 - 99 - 101],
245,1188,1213,,
729,972,1215, [3 - 4 - 5],
705,992,1217,,
840,882,1218, [20 - 21 - 29],
644,1035,1219, [28 - 45 - 53],
220,1200,1220, [11 - 60 - 61],
544,1092,1220, [136 - 273 - 305],
732,976,1220, [3 - 4 - 5],
828,896,1220, [207 - 224 - 305],
396,1155,1221, [12 - 35 - 37],
470,1128,1222, [5 - 12 - 13],
576,1080,1224, [8 - 15 - 17],
343,1176,1225, [7 - 24 - 25],
735,980,1225, [3 - 4 - 5],
70,1224,1226, [35 - 612 - 613],
360,1173,1227, [120 - 391 - 409],
140,1221,1229,,
270,1200,1230, [9 - 40 - 41],
504,1122,1230, [84 - 187 - 205],
738,984,1230, [3 - 4 - 5],
798,936,1230, [133 - 156 - 205],
792,945,1233, [88 - 105 - 137],
210,1216,1234, [105 - 608 - 617],
304,1197,1235, [16 - 63 - 65],
475,1140,1235, [5 - 12 - 13],
627,1064,1235, [33 - 56 - 65],
741,988,1235, [3 - 4 - 5],
612,1075,1237,,
744,992,1240, [3 - 4 - 5],
280,1209,1241,,
441,1160,1241,,
584,1095,1241, [8 - 15 - 17],
816,935,1241, [48 - 55 - 73],
165,1232,1243, [15 - 112 - 113],
747,996,1245, [3 - 4 - 5],
546,1120,1246, [39 - 80 - 89],
860,9 03,1247, [20 - 21 - 29],
480,1152,1248, [5 - 12 - 13],
799,960,1249,,
350,1200,1250, [7 - 24 - 25],
440,1170,1250, [44 - 117 - 125],
672,1054,1250, [336 - 527 - 625],
750,1000,1250, [3 - 4 - 5],
100,1248,1252, [25 - 312 - 313],
753,1004,1255, [3 - 4 - 5],
680,1056,1256, [85 - 132 - 157],
200,1242,1258, [100 - 621 - 629],
408,1190,1258, [12 - 35 - 37],
592,1110,1258, [8 - 15 - 17],
858,920,1258, [429 - 460 - 629],
756,1008,1260, [3 - 4 - 5],
420,1189,1261,,
485,1164,1261, [5 - 12 - 13],
539,1140,1261,,
845,936,1261, [65 - 72 - 97],
87,1260,1263, [29 - 420 - 421],
759,1012,1265, [3 - 4 - 5],
133,1260,1267, [19 - 180 - 181],
300,1232,1268, [75 - 308 - 317],
762,1016,1270, [3 - 4 - 5],
279,1240,1271, [9 - 40 - 41],
672,1080,1272, [28 - 45 - 53],
490,1176,1274, [5 - 12 - 13],
195,1260,1275, [13 - 84 - 85],
261,1248,1275, [87 - 416 - 425],
357,1224,1275, [7 - 24 - 25],
540,1155,1275, [36 - 77 - 85],
600,1125,1275, [8 - 15 - 17],
765,1020,1275, [3 - 4 - 5],
891,912,1275, [297 - 304 - 425],
880,924,1276, [20 - 21 - 29],
748,1035,1277,,
768,1024,1280, [3 - 4 - 5],
231,1260,1281, [11 - 60 - 61],
400,1218,1282, [200 - 609 - 641],
160,1275,1285, [32 - 255 - 257],
637,1116,1285,,
771,1028,1285, [3 - 4 - 5],
893,924,1285,,
495,1188,1287, [5 - 12 - 13],
560,1161,1289,,
774,1032,1290, [3 - 4 - 5],
608,1140,1292, [8 - 15 - 17],
399,1232,1295, [57 - 176 - 185],
420,1225,1295, [12 - 35 - 37],
728,1071,1295, [104 - 153 - 185],
777,1036,1295, [3 - 4 - 5],
72,1295,1297,,
435,1224,1299, [145 - 408 - 433],
,,,,
144,1292,1300, [36 - 323 - 325],
320,1260,1300, [16 - 63 - 65],
364,1248,1300, [7 - 24 - 25],
500,1200,1300, [5 - 12 - 13],
660,1120,1300, [33 - 56 - 65],
780,1040,1300, [3 - 4 - 5],
816,1012,1300, [204 - 253 - 325],
51,1300,1301,,
153,1296,1305, [17 - 144 - 145],
216,1287,1305, [24 - 143 - 145],
783,1044,1305, [3 - 4 - 5],
900,945,1305, [20 - 21 - 29],
630,1144,1306, [315 - 572 - 653],
720,1092,1308, [60 - 91 - 109],
616,1155,1309, [8 - 15 - 17],
786,1048,1310, [3 - 4 - 5],
288,1280,1312, [9 - 40 - 41],
255,1288,1313,,
260,1287,1313, [20 - 99 - 101],
505,1212,1313, [5 - 12 - 13],
735,1088,1313,,
864,990,1314, [48 - 55 - 73],
789,1052,1315, [3 - 4 - 5],
792,1056,1320, [3 - 4 - 5],
360,1271,1321,,
600,1178,1322, [300 - 589 - 661],
115,1320,1325, [23 - 264 - 265],
357,1276,1325,,
371,1272,1325, [7 - 24 - 25],
480,1235,1325, [96 - 247 - 265],
700,1125,1325, [28 - 45 - 53],
795,1060,1325, [3 - 4 - 5],
884,987,1325,,
126,1320,1326, [21 - 220 - 221],
510,1224,1326, [5 - 12 - 13],
624,1170,1326, [8 - 15 - 17],
840,1026,1326, [140 - 171 - 221],
798,1064,1330, [3 - 4 - 5],
432,1260,1332, [12 - 35 - 37],
920,966,1334, [20 - 21 - 29],
252,1311,1335, [84 - 437 - 445],
585,1200,1335, [39 - 80 - 89],
609,1188,1335, [203 - 396 - 445],
801,1068,1335, [3 - 4 - 5],
515,1236,1339, [5 - 12 - 13],
804,1072,1340, [3 - 4 - 5],
459,1260,1341, [51 - 140 - 149],
242,1320,1342, [11 - 60 - 61],
632,1185,1343, [8 - 15 - 17],
345,1300,1345, [69 - 260 - 269],
504,1247,1345,,
807,1076,1345, [3 - 4 - 5],
833,1056,1345,,
770,1104,1346, [385 - 552 - 673],
840,1053,1347, [280 - 351 - 449],
700,1152,1348, [175 - 288 - 337],
378,1296,1350, [7 - 24 - 25],
810,1080,1350, [3 - 4 - 5],
665,1176,1351, [95 - 168 - 193],
520,1248,1352, [5 - 12 - 13],
952,960,1352, [119 - 120 - 169],
297,1320,1353, [9 - 40 - 41],
104,1350,1354, [52 - 675 - 677],
813,1084,1355, [3 - 4 - 5],
180,1344,1356, [15 - 112 - 113],
910,1008,1358, [65 - 72 - 97],
208,1344,1360, [13 - 84 - 85],
576,1232,1360, [36 - 77 - 85],
640,1200,1360, [8 - 15 - 17],
816,1088,1360, [3 - 4 - 5],
561,1240,1361,,
940,987,1363, [20 - 21 - 29],
336,1323,1365, [16 - 63 - 65],
525,1260,1365, [5 - 12 - 13],
693,1176,1365, [33 - 56 - 65],
819,1092,1365, [3 - 4 - 5],
444,1295,1369, [12 - 35 - 37],
840,1081,1369,,
74,1368,1370, [37 - 684 - 685],
312,1334,1370, [156 - 667 - 685],
822,1096,1370, [3 - 4 - 5],
880,1050,1370, [88 - 105 - 137],
504,1275,1371, [168 - 425 - 457],
148,1365,1373,,
360,1326,1374, [60 - 221 - 229],
385,1320,1375, [7 - 24 - 25],
484,1287,1375, [44 - 117 - 125],
825,1100,1375, [3 - 4 - 5],
648,1215,1377, [8 - 15 - 17],
222,1360,1378, [111 - 680 - 689],
530,1272,1378, [5 - 12 - 13],
728,1170,1378, [28 - 45 - 53],
800,1122,1378, [400 - 561 - 689],
196,1365,1379, [28 - 195 - 197],
828,1104,1380, [3 - 4 - 5],
931,1020,1381,,
783,1140,1383, [261 - 380 - 461],
416,1320,1384, [52 - 165 - 173],
296,1353,1385,,
575,1260,1385, [115 - 252 - 277],
663,1216,1385,,
831,1108,1385, [3 - 4 - 5],
912,1045,1387, [48 - 55 - 73],
834,1112,1390, [3 - 4 - 5],
535,1284,1391, [5 - 12 - 13],
960,1008,1392, [20 - 21 - 29],
306,1360,1394, [9 - 40 - 41],
370,1344,1394, [185 - 672 - 697],
656,1230,1394, [8 - 15 - 17],
910,1056,1394, [455 - 528 - 697],
837,1116,1395, [3 - 4 - 5],
720,1196,1396, [180 - 299 - 349],
630,1248,1398, [105 - 208 - 233],
,,,,
392,1344,1400, [7 - 24 - 25],
840,1120,1400, [3 - 4 - 5],
520,1302,1402, [260 - 651 - 701],
253,1380,1403, [11 - 60 - 61],
540,1296,1404, [5 - 12 - 13],
53,1404,1405,,
444,1333,1405,,
800,1155,1405, [160 - 231 - 281],
843,1124,1405, [3 - 4 - 5],
456,1330,1406, [12 - 35 - 37],
159,1400,1409,,
846,1128,1410, [3 - 4 - 5],
664,1245,1411, [8 - 15 - 17],
900,1088,1412, [225 - 272 - 353],
765,1188,1413, [85 - 132 - 157],
280,1386,1414, [20 - 99 - 101],
849,1132,1415, [3 - 4 - 5],
265,1392,1417,,
545,1308,1417, [5 - 12 - 13],
780,1183,1417, [60 - 91 - 109],
792,1175,1417,,
518,1320,1418, [259 - 660 - 709],
852,1136,1420, [3 - 4 - 5],
980,1029,1421, [20 - 21 - 29],
624,1280,1424, [39 - 80 - 89],
399,1368,1425, [7 - 24 - 25],
855,1140,1425, [3 - 4 - 5],
672,1260,1428, [8 - 15 - 17],
371,1380,1429,,
352,1386,1430, [16 - 63 - 65],
550,1320,1430, [5 - 12 - 13],
726,1232,1430, [33 - 56 - 65],
858,1144,1430, [3 - 4 - 5],
756,1215,1431, [28 - 45 - 53],
592,1305,1433,,
315,1400,1435, [9 - 40 - 41],
588,1309,1435, [84 - 187 - 205],
861,1148,1435, [3 - 4 - 5],
931,1092,1435, [133 - 156 - 205],
864,1152,1440, [3 - 4 - 5],
93,1440,1443, [31 - 480 - 481],
468,1365,1443, [12 - 35 - 37],
555,1332,1443, [5 - 12 - 13],
957,1080,1443, [319 - 360 - 481],
76,1443,1445,,
221,1428,1445, [13 - 84 - 85],
477,1364,1445,,
612,1309,1445, [36 - 77 - 85],
680,1275,1445, [8 - 15 - 17],
805,1200,1445, [161 - 240 - 289],
867,1156,1445, [3 - 4 - 5],
720,1254,1446, [120 - 209 - 241],
152,1440,1448, [19 - 180 - 181],
170,1440,1450, [17 - 144 - 145],
240,1430,1450, [24 - 143 - 145],
406,1392,1450, [7 - 24 - 25],
666,1288,1450, [333 - 644 - 725],
728,1254,1450, [364 - 627 - 725],
870,1160,1450, [3 - 4 - 5],
1000,1050,1450, [20 - 21 - 29],
228,1435,1453,,
132,1449,1455, [44 - 483 - 485],
279,1428,1455, [93 - 476 - 485],
873,1164,1455, [3 - 4 - 5],
975,1080,1455, [65 - 72 - 97],
560,1344,1456, [5 - 12 - 13],
108,1456,1460, [27 - 364 - 365],
304,1428,1460, [76 - 357 - 365],
876,1168,1460, [3 - 4 - 5],
960,1100,1460, [48 - 55 - 73],
688,1290,1462, [8 - 15 - 17],
264,1440,1464, [11 - 60 - 61],
340,1425,1465, [68 - 285 - 293],
583,1344,1465,,
879,1172,1465, [3 - 4 - 5],
936,1127,1465,,
216,1450,1466, [108 - 725 - 733],
195,1456,1469, [15 - 112 - 113],
380,1419,1469,,
565,1356,1469, [5 - 12 - 13],
740,1269,1469,,
882,1176,1470, [3 - 4 - 5],
413,1416,1475, [7 - 24 - 25],
885,1180,1475, [3 - 4 - 5],
324,1440,1476, [9 - 40 - 41],
396,1425,1479, [132 - 475 - 493],
465,1404,1479, [155 - 468 - 493],
696,1305,1479, [8 - 15 - 17],
1020,1071,1479, [20 - 21 - 29],
456,1408,1480, [57 - 176 - 185],
480,1400,1480, [12 - 35 - 37],
832,1224,1480, [104 - 153 - 185],
888,1184,1480, [3 - 4 - 5],
969,1120,1481,,
570,1368,1482, [5 - 12 - 13],
784,1260,1484, [28 - 45 - 53],
891,1188,1485, [3 - 4 - 5],
689,1320,1489,,
432,1426,1490, [216 - 713 - 745],
510,1400,1490, [51 - 140 - 149],
814,1248,1490, [407 - 624 - 745],
894,1192,1490, [3 - 4 - 5],
1008,1100,1492, [252 - 275 - 373],
532,1395,1493,,
368,1449,1495, [16 - 63 - 65],
575,1380,1495, [5 - 12 - 13],
759,1288,1495, [33 - 56 - 65],
897,1196,1495, [3 - 4 - 5],
704,1320,1496, [8 - 15 - 17],
,,,,
420,1440,1500, [7 - 24 - 25],
528,1404,1500, [44 - 117 - 125],
900,1200,1500, [3 - 4 - 5],
903,1204,1505, [3 - 4 - 5],
968,1155,1507, [88 - 105 - 137],
540,1408,1508, [135 - 352 - 377],
580,1392,1508, [5 - 12 - 13],
608,1380,1508, [152 - 345 - 377],
1040,1092,1508, [20 - 21 - 29],
906,1208,1510, [3 - 4 - 5],
55,1512,1513,,
663,1360,1513, [39 - 80 - 89],
712,1335,1513, [8 - 15 - 17],
888,1225,1513,,
936,1190,1514, [468 - 595 - 757],
300,1485,1515, [20 - 99 - 101],
651,1368,1515, [217 - 456 - 505],
909,1212,1515, [3 - 4 - 5],
1008,1131,1515, [336 - 377 - 505],
165,1508,1517,,
333,1480,1517, [9 - 40 - 41],
492,1435,1517, [12 - 35 - 37],
795,1292,1517,,
912,1216,1520, [3 - 4 - 5],
585,1404,1521, [5 - 12 - 13],
1071,1080,1521, [119 - 120 - 169],
78,1520,1522, [39 - 760 - 761],
156,1517,1525,,
275,1500,1525, [11 - 60 - 61],
427,1464,1525, [7 - 24 - 25],
680,1365,1525, [136 - 273 - 305],
684,1363,1525,,
915,1220,1525, [3 - 4 - 5],
1035,1120,1525, [207 - 224 - 305],
840,1274,1526, [60 - 91 - 109],
660,1377,1527, [220 - 459 - 509],
234,1512,1530, [13 - 84 - 85],
648,1386,1530, [36 - 77 - 85],
720,1350,1530, [8 - 15 - 17],
918,1224,1530, [3 - 4 - 5],
1008,1155,1533, [48 - 55 - 73],
590,1416,1534, [5 - 12 - 13],
921,1228,1535, [3 - 4 - 5],
312,1505,1537,,
385,1488,1537,,
812,1305,1537, [28 - 45 - 53],
1060,1113,1537, [20 - 21 - 29],
962,1200,1538, [481 - 600 - 769],
924,1232,1540, [3 - 4 - 5],
192,1530,1542, [32 - 255 - 257],
760,1344,1544, [95 - 168 - 193],
927,1236,1545, [3 - 4 - 5],
390,1496,1546, [195 - 748 - 773],
147,1540,1547, [21 - 220 - 221],
595,1428,1547, [5 - 12 - 13],
728,1365,1547, [8 - 15 - 17],
980,1197,1547, [140 - 171 - 221],
901,1260,1549,,
434,1488,1550, [7 - 24 - 25],
930,1240,1550, [3 - 4 - 5],
1040,1152,1552, [65 - 72 - 97],
495,1472,1553,,
504,1470,1554, [12 - 35 - 37],
933,1244,1555, [3 - 4 - 5],
756,1360,1556, [189 - 340 - 389],
468,1485,1557, [52 - 165 - 173],
342,1520,1558, [9 - 40 - 41],
384,1512,1560, [16 - 63 - 65],
600,1440,1560, [5 - 12 - 13],
792,1344,1560, [33 - 56 - 65],
936,1248,1560, [3 - 4 - 5],
837,1320,1563, [279 - 440 - 521],
736,1380,1564, [8 - 15 - 17],
125,1560,1565, [25 - 312 - 313],
836,1323,1565,,
939,1252,1565, [3 - 4 - 5],
1036,1173,1565,,
1080,1134,1566, [20 - 21 - 29],
112,1566,1570, [56 - 783 - 785],
546,1472,1570, [273 - 736 - 785],
850,1320,1570, [85 - 132 - 157],
942,1256,1570, [3 - 4 - 5],
605,1452,1573, [5 - 12 - 13],
441,1512,1575, [7 - 24 - 25],
945,1260,1575, [3 - 4 - 5],
224,1560,1576, [28 - 195 - 197],
948,1264,1580, [3 - 4 - 5],
744,1395,1581, [8 - 15 - 17],
210,1568,1582, [15 - 112 - 113],
375,1540,1585, [75 - 308 - 317],
624,1457,1585,,
951,1268,1585, [3 - 4 - 5],
1007,1224,1585,,
286,1560,1586, [11 - 60 - 61],
336,1550,1586, [168 - 775 - 793],
610,1464,1586, [5 - 12 - 13],
864,1330,1586, [432 - 665 - 793],
912,1300,1588, [228 - 325 - 397],
138,1584,1590, [23 - 264 - 265],
576,1482,1590, [96 - 247 - 265],
840,1350,1590, [28 - 45 - 53],
954,1272,1590, [3 - 4 - 5],
516,1505,1591, [12 - 35 - 37],
1110,1144,1594, [555 - 572 - 797],
187,1584,1595, [17 - 144 - 145],
264,1573,1595, [24 - 143 - 145],
957,1276,1595, [3 - 4 - 5],
1100,1155,1595, [20 - 21 - 29],
715,1428,1597,,
752,1410,1598, [8 - 15 - 17],
276,1575,1599, [92 - 525 - 533],
351,1560,1599, [9 - 40 - 41],
615,1476,1599, [5 - 12 - 13],
924,1305,1599, [308 - 435 - 533],
,,,,
448,1536,1600, [7 - 24 - 25],
960,1280,1600, [3 - 4 - 5],
80,1599,1601,,
702,1440,1602, [39 - 80 - 89],
420,1547,1603, [60 - 221 - 229],
160,1596,1604, [40 - 399 - 401],
963,1284,1605, [3 - 4 - 5],
1056,1210,1606, [48 - 55 - 73],
240,1591,1609,,
966,1288,1610, [3 - 4 - 5],
620,1488,1612, [5 - 12 - 13],
988,1275,1613,,
414,1560,1614, [69 - 260 - 269],
247,1596,1615, [13 - 84 - 85],
684,1463,1615, [36 - 77 - 85],
760,1425,1615, [8 - 15 - 17],
969,1292,1615, [3 - 4 - 5],
320,1584,1616, [20 - 99 - 101],
560,1518,1618, [280 - 759 - 809],
972,1296,1620, [3 - 4 - 5],
780,1421,1621,,
1023,1260,1623, [341 - 420 - 541],
1120,1176,1624, [20 - 21 - 29],
57,1624,1625,,
180,1615,1625, [36 - 323 - 325],
400,1575,1625, [16 - 63 - 65],
455,1560,1625, [7 - 24 - 25],
572,1521,1625, [44 - 117 - 125],
625,1500,1625, [5 - 12 - 13],
825,1400,1625, [33 - 56 - 65],
975,1300,1625, [3 - 4 - 5],
1020,1265,1625, [204 - 253 - 325],
1113,1184,1625,,
528,1540,1628, [12 - 35 - 37],
171,1620,1629, [19 - 180 - 181],
978,1304,1630, [3 - 4 - 5],
735,1456,1631, [105 - 208 - 233],
768,1440,1632, [8 - 15 - 17],
99,1632,1635, [33 - 544 - 545],
552,1539,1635, [184 - 513 - 545],
900,1365,1635, [60 - 91 - 109],
981,1308,1635, [3 - 4 - 5],
480,1564,1636, [120 - 391 - 409],
285,1612,1637,,
630,1512,1638, [5 - 12 - 13],
561,1540,1639, [51 - 140 - 149],
360,1600,1640, [9 - 40 - 41],
672,1496,1640, [84 - 187 - 205],
984,1312,1640, [3 - 4 - 5],
1064,1248,1640, [133 - 156 - 205],
858,1400,1642, [429 - 700 - 821],
868,1395,1643, [28 - 45 - 53],
1056,1260,1644, [88 - 105 - 137],
987,1316,1645, [3 - 4 - 5],
297,1620,1647, [11 - 60 - 61],
399,1600,1649,,
560,1551,1649,,
776,1455,1649, [8 - 15 - 17],
1105,1224,1649, [65 - 72 - 97],
462,1584,1650, [7 - 24 - 25],
990,1320,1650, [3 - 4 - 5],
635,1524,1651, [5 - 12 - 13],
1140,1197,1653, [20 - 21 - 29],
993,1324,1655, [3 - 4 - 5],
935,1368,1657,,
1080,1258,1658, [540 - 629 - 829],
996,1328,1660, [3 - 4 - 5],
690,1512,1662, [115 - 252 - 277],
640,1536,1664, [5 - 12 - 13],
513,1584,1665, [57 - 176 - 185],
540,1575,1665, [12 - 35 - 37],
936,1377,1665, [104 - 153 - 185],
999,1332,1665, [3 - 4 - 5],
784,1470,1666, [8 - 15 - 17],
1140,1219,1669,,
1002,1336,1670, [3 - 4 - 5],
495,1596,1671, [165 - 532 - 557],
469,1608,1675, [7 - 24 - 25],
1005,1340,1675, [3 - 4 - 5],
645,1548,1677, [5 - 12 - 13],
1104,1265,1679, [48 - 55 - 73],
1008,1344,1680, [3 - 4 - 5],
369,1640,1681, [9 - 40 - 41],
720,1519,1681,,
82,1680,1682, [41 - 840 - 841],
1160,1218,1682, [20 - 21 - 29],
792,1485,1683, [8 - 15 - 17],
116,1680,1684, [29 - 420 - 421],
164,1677,1685,,
627,1564,1685,,
875,1440,1685, [175 - 288 - 337],
1011,1348,1685, [3 - 4 - 5],
960,1386,1686, [160 - 231 - 281],
840,1463,1687, [120 - 209 - 241],
232,1674,1690, [116 - 837 - 845],
246,1672,1690, [123 - 836 - 845],
416,1638,1690, [16 - 63 - 65],
650,1560,1690, [5 - 12 - 13],
858,1456,1690, [33 - 56 - 65],
1014,1352,1690, [3 - 4 - 5],
1190,1200,1690, [119 - 120 - 169],
741,1520,1691, [39 - 80 - 89],
1045,1332,1693,,
225,1680,1695, [15 - 112 - 113],
828,1479,1695, [276 - 493 - 565],
1017,1356,1695, [3 - 4 - 5],
1188,1209,1695, [396 - 403 - 565],
896,1440,1696, [28 - 45 - 53],
328,1665,1697,,
,,,,
260,1680,1700, [13 - 84 - 85],
348,1664,1700, [87 - 416 - 425],
476,1632,1700, [7 - 24 - 25],
720,1540,1700, [36 - 77 - 85],
800,1500,1700, [8 - 15 - 17],
1020,1360,1700, [3 - 4 - 5],
1188,1216,1700, [297 - 304 - 425],
552,1610,1702, [12 - 35 - 37],
655,1572,1703, [5 - 12 - 13],
1023,1364,1705, [3 - 4 - 5],
410,1656,1706, [205 - 828 - 853],
693,1560,1707, [231 - 520 - 569],
308,1680,1708, [11 - 60 - 61],
741,1540,1709,,
1026,1368,1710, [3 - 4 - 5],
1180,1239,1711, [20 - 21 - 29],
464,1650,1714, [232 - 825 - 857],
1029,1372,1715, [3 - 4 - 5],
660,1584,1716, [5 - 12 - 13],
340,1683,1717, [20 - 99 - 101],
492,1645,1717,,
808,1515,1717, [8 - 15 - 17],
1092,1325,1717,,
1032,1376,1720, [3 - 4 - 5],
880,1479,1721,,
378,1680,1722, [9 - 40 - 41],
483,1656,1725, [7 - 24 - 25],
1035,1380,1725, [3 - 4 - 5],
935,1452,1727, [85 - 132 - 157],
665,1596,1729, [5 - 12 - 13],
520,1650,1730, [52 - 165 - 173],
574,1632,1730, [287 - 816 - 865],
1008,1406,1730, [504 - 703 - 865],
1038,1384,1730, [3 - 4 - 5],
144,1725,1731, [48 - 575 - 577],
580,1632,1732, [145 - 408 - 433],
1155,1292,1733,,
816,1530,1734, [8 - 15 - 17],
966,1440,1734, [161 - 240 - 289],
1041,1388,1735, [3 - 4 - 5],
855,1512,1737, [95 - 168 - 193],
564,1645,1739, [12 - 35 - 37],
204,1728,1740, [17 - 144 - 145],
288,1716,1740, [24 - 143 - 145],
1044,1392,1740, [3 - 4 - 5],
1200,1260,1740, [20 - 21 - 29],
59,1740,1741,,
670,1608,1742, [5 - 12 - 13],
960,1456,1744, [60 - 91 - 109],
177,1736,1745,,
656,1617,1745,,
900,1495,1745, [180 - 299 - 349],
1047,1396,1745, [3 - 4 - 5],
1170,1296,1746, [65 - 72 - 97],
924,1485,1749, [28 - 45 - 53],
490,1680,1750, [7 - 24 - 25],
616,1638,1750, [44 - 117 - 125],
1050,1400,1750, [3 - 4 - 5],
824,1545,1751, [8 - 15 - 17],
1152,1320,1752, [48 - 55 - 73],
295,1728,1753,,
696,1610,1754, [348 - 805 - 877],
432,1701,1755, [16 - 63 - 65],
675,1620,1755, [5 - 12 - 13],
891,1512,1755, [33 - 56 - 65],
1053,1404,1755, [3 - 4 - 5],
408,1710,1758, [68 - 285 - 293],
1056,1408,1760, [3 - 4 - 5],
738,1600,1762, [369 - 800 - 881],
387,1720,1763, [9 - 40 - 41],
84,1763,1765,,
413,1716,1765,,
1059,1412,1765, [3 - 4 - 5],
1125,1360,1765, [225 - 272 - 353],
168,1760,1768, [21 - 220 - 221],
680,1632,1768, [5 - 12 - 13],
832,1560,1768, [8 - 15 - 17],
1120,1368,1768, [140 - 171 - 221],
319,1740,1769, [11 - 60 - 61],
969,1480,1769,,
1040,1431,1769,,
1220,1281,1769, [20 - 21 - 29],
1062,1416,1770, [3 - 4 - 5],
252,1755,1773, [28 - 195 - 197],
497,1704,1775, [7 - 24 - 25],
1065,1420,1775, [3 - 4 - 5],
576,1680,1776, [12 - 35 - 37],
1248,1265,1777,,
1104,1395,1779, [368 - 465 - 593],
336,1748,1780, [84 - 437 - 445],
780,1600,1780, [39 - 80 - 89],
812,1584,1780, [203 - 396 - 445],
1068,1424,1780, [3 - 4 - 5],
531,1700,1781,,
685,1644,1781, [5 - 12 - 13],
820,1581,1781,,
1144,1365,1781, [88 - 105 - 137],
273,1764,1785, [13 - 84 - 85],
756,1617,1785, [36 - 77 - 85],
840,1575,1785, [8 - 15 - 17],
1071,1428,1785, [3 - 4 - 5],
612,1680,1788, [51 - 140 - 149],
420,1739,1789,,
1074,1432,1790, [3 - 4 - 5],
690,1656,1794, [5 - 12 - 13],
1077,1436,1795, [3 - 4 - 5],
1120,1404,1796, [280 - 351 - 449],
1240,1302,1798, [20 - 21 - 29],
224,1785,1799, [32 - 255 - 257],
,,,,
504,1728,1800, [7 - 24 - 25],
1080,1440,1800, [3 - 4 - 5],
649,1680,1801,,
120,1798,1802, [60 - 899 - 901],
848,1590,1802, [8 - 15 - 17],
902,1560,1802, [451 - 780 - 901],
952,1530,1802, [28 - 45 - 53],
720,1653,1803, [240 - 551 - 601],
396,1760,1804, [9 - 40 - 41],
1083,1444,1805, [3 - 4 - 5],
695,1668,1807, [5 - 12 - 13],
240,1792,1808, [15 - 112 - 113],
190,1800,1810, [19 - 180 - 181],
928,1554,1810, [464 - 777 - 905],
1086,1448,1810, [3 - 4 - 5],
1232,1326,1810, [616 - 663 - 905],
588,1715,1813, [12 - 35 - 37],
1089,1452,1815, [3 - 4 - 5],
360,1782,1818, [20 - 99 - 101],
856,1605,1819, [8 - 15 - 17],
448,1764,1820, [16 - 63 - 65],
700,1680,1820, [5 - 12 - 13],
924,1568,1820, [33 - 56 - 65],
1092,1456,1820, [3 - 4 - 5],
135,1820,1825, [27 - 364 - 365],
380,1785,1825, [76 - 357 - 365],
511,1752,1825, [7 - 24 - 25],
767,1656,1825,,
984,1537,1825,,
1095,1460,1825, [3 - 4 - 5],
1200,1375,1825, [48 - 55 - 73],
1260,1323,1827, [20 - 21 - 29],
672,1700,1828, [168 - 425 - 457],
330,1800,1830, [11 - 60 - 61],
816,1638,1830, [136 - 273 - 305],
1098,1464,1830, [3 - 4 - 5],
1242,1344,1830, [207 - 224 - 305],
480,1768,1832, [60 - 221 - 229],
705,1692,1833, [5 - 12 - 13],
1101,1468,1835, [3 - 4 - 5],
864,1620,1836, [8 - 15 - 17],
105,1836,1839, [35 - 612 - 613],
1104,1472,1840, [3 - 4 - 5],
1235,1368,1843, [65 - 72 - 97],
1044,1520,1844, [261 - 380 - 461],
405,1800,1845, [9 - 40 - 41],
756,1683,1845, [84 - 187 - 205],
1107,1476,1845, [3 - 4 - 5],
1197,1404,1845, [133 - 156 - 205],
710,1704,1846, [5 - 12 - 13],
86,1848,1850, [43 - 924 - 925],
518,1776,1850, [7 - 24 - 25],
570,1760,1850, [57 - 176 - 185],
600,1750,1850, [12 - 35 - 37],
1040,1530,1850, [104 - 153 - 185],
1066,1512,1850, [533 - 756 - 925],
1110,1480,1850, [3 - 4 - 5],
315,1824,1851, [105 - 608 - 617],
172,1845,1853,,
872,1635,1853, [8 - 15 - 17],
885,1628,1853,,
1020,1547,1853, [60 - 91 - 109],
161,1848,1855, [23 - 264 - 265],
672,1729,1855, [96 - 247 - 265],
980,1575,1855, [28 - 45 - 53],
1113,1484,1855, [3 - 4 - 5],
1280,1344,1856, [20 - 21 - 29],
258,1840,1858, [129 - 920 - 929],
715,1716,1859, [5 - 12 - 13],
1309,1320,1859, [119 - 120 - 169],
1116,1488,1860, [3 - 4 - 5],
61,1860,1861,,
840,1664,1864, [105 - 208 - 233],
183,1856,1865,,
344,1833,1865,,
1119,1492,1865, [3 - 4 - 5],
1260,1375,1865, [252 - 275 - 373],
819,1680,1869, [39 - 80 - 89],
286,1848,1870, [13 - 84 - 85],
792,1694,1870, [36 - 77 - 85],
880,1650,1870, [8 - 15 - 17],
1122,1496,1870, [3 - 4 - 5],
720,1728,1872, [5 - 12 - 13],
305,1848,1873,,
430,1824,1874, [215 - 912 - 937],
525,1800,1875, [7 - 24 - 25],
660,1755,1875, [44 - 117 - 125],
1008,1581,1875, [336 - 527 - 625],
1125,1500,1875, [3 - 4 - 5],
1148,1485,1877,,
150,1872,1878, [25 - 312 - 313],
1128,1504,1880, [3 - 4 - 5],
1160,1482,1882, [580 - 741 - 941],
483,1820,1883, [69 - 260 - 269],
1020,1584,1884, [85 - 132 - 157],
221,1872,1885, [17 - 144 - 145],
312,1859,1885, [24 - 143 - 145],
427,1836,1885,,
464,1827,1885, [16 - 63 - 65],
516,1813,1885,,
675,1760,1885, [135 - 352 - 377],
725,1740,1885, [5 - 12 - 13],
760,1725,1885, [152 - 345 - 377],
924,1643,1885,,
957,1624,1885, [33 - 56 - 65],
1003,1596,1885,,
1131,1508,1885, [3 - 4 - 5],
1300,1365,1885, [20 - 21 - 29],
414,1840,1886, [9 - 40 - 41],
300,1863,1887, [100 - 621 - 629],
612,1785,1887, [12 - 35 - 37],
888,1665,1887, [8 - 15 - 17],
1287,1380,1887, [429 - 460 - 629],
1311,1360,1889,,
1134,1512,1890, [3 - 4 - 5],
341,1860,1891, [11 - 60 - 61],
1137,1516,1895, [3 - 4 - 5],
602,1800,1898, [301 - 900 - 949],
730,1752,1898, [5 - 12 - 13],
840,1702,1898, [420 - 851 - 949],
1248,1430,1898, [48 - 55 - 73],
,,,,
532,1824,1900, [7 - 24 - 25],
1140,1520,1900, [3 - 4 - 5],
549,1820,1901,,
450,1848,1902, [75 - 308 - 317],
572,1815,1903, [52 - 165 - 173],
896,1680,1904, [8 - 15 - 17],
1143,1524,1905, [3 - 4 - 5],
1230,1456,1906, [615 - 728 - 953],
1008,1620,1908, [28 - 45 - 53],
1146,1528,1910, [3 - 4 - 5],
735,1764,1911, [5 - 12 - 13],
688,1785,1913,,
1320,1386,1914, [20 - 21 - 29],
1149,1532,1915, [3 - 4 - 5],
1232,1470,1918, [88 - 105 - 137],
380,1881,1919, [20 - 99 - 101],
1152,1536,1920, [3 - 4 - 5],
255,1904,1921, [15 - 112 - 113],
671,1800,1921,,
904,1695,1921, [8 - 15 - 17],
1121,1560,1921,,
600,1827,1923, [200 - 609 - 641],
124,1920,1924, [31 - 480 - 481],
624,1820,1924, [12 - 35 - 37],
740,1776,1924, [5 - 12 - 13],
1276,1440,1924, [319 - 360 - 481],
539,1848,1925, [7 - 24 - 25],
1155,1540,1925, [3 - 4 - 5],
423,1880,1927, [9 - 40 - 41],
960,1672,1928, [120 - 209 - 241],
248,1914,1930, [124 - 957 - 965],
774,1768,1930, [387 - 884 - 965],
950,1680,1930, [95 - 168 - 193],
1158,1544,1930, [3 - 4 - 5],
1092,1595,1933,,
1161,1548,1935, [3 - 4 - 5],
88,1935,1937,,
663,1820,1937, [51 - 140 - 149],
745,1788,1937, [5 - 12 - 13],
1312,1425,1937,,
912,1710,1938, [8 - 15 - 17],
805,1764,1939, [115 - 252 - 277],
176,1932,1940, [44 - 483 - 485],
372,1904,1940, [93 - 476 - 485],
1164,1552,1940, [3 - 4 - 5],
1300,1440,1940, [65 - 72 - 97],
1340,1407,1943, [20 - 21 - 29],
264,1927,1945,,
793,1776,1945,,
945,1700,1945, [189 - 340 - 389],
1167,1556,1945, [3 - 4 - 5],
860,1749,1949,,
216,1938,1950, [36 - 323 - 325],
480,1890,1950, [16 - 63 - 65],
546,1872,1950, [7 - 24 - 25],
750,1800,1950, [5 - 12 - 13],
990,1680,1950, [33 - 56 - 65],
1170,1560,1950, [3 - 4 - 5],
1224,1518,1950, [204 - 253 - 325],
352,1920,1952, [11 - 60 - 61],
496,1890,1954, [248 - 945 - 977],
299,1932,1955, [13 - 84 - 85],
828,1771,1955, [36 - 77 - 85],
920,1725,1955, [8 - 15 - 17],
1173,1564,1955, [3 - 4 - 5],
858,1760,1958, [39 - 80 - 89],
945,1716,1959, [315 - 572 - 653],
1176,1568,1960, [3 - 4 - 5],
440,1911,1961,,
636,1855,1961, [12 - 35 - 37],
1036,1665,1961, [28 - 45 - 53],
1239,1520,1961,,
1080,1638,1962, [60 - 91 - 109],
755,1812,1963, [5 - 12 - 13],
1179,1572,1965, [3 - 4 - 5],
1120,1617,1967, [160 - 231 - 281],
432,1920,1968, [9 - 40 - 41],
280,1950,1970, [28 - 195 - 197],
946,1728,1970, [473 - 864 - 985],
1182,1576,1970, [3 - 4 - 5],
1392,1394,1970, [696 - 697 - 985],
1296,1485,1971, [48 - 55 - 73],
528,1900,1972, [132 - 475 - 493],
620,1872,1972, [155 - 468 - 493],
928,1740,1972, [8 - 15 - 17],
1360,1428,1972, [20 - 21 - 29],
915,1748,1973,,
553,1896,1975, [7 - 24 - 25],
1185,1580,1975, [3 - 4 - 5],
760,1824,1976, [5 - 12 - 13],
1188,1584,1980, [3 - 4 - 5],
900,1767,1983, [300 - 589 - 661],
63,1984,1985,,
616,1887,1985,,
1140,1625,1985, [228 - 325 - 397],
1191,1588,1985, [3 - 4 - 5],
189,1980,1989, [21 - 220 - 221],
765,1836,1989, [5 - 12 - 13],
936,1755,1989, [8 - 15 - 17],
1260,1539,1989, [140 - 171 - 221],
1194,1592,1990, [3 - 4 - 5],
209,1980,1991, [19 - 180 - 181],
1032,1705,1993,,
744,1850,1994, [372 - 925 - 997],
1197,1596,1995, [3 - 4 - 5],
315,1972,1997,,
648,1890,1998, [12 - 35 - 37],
,,,,
560,1920,2000, [7 - 24 - 25],
704,1872,2000, [44 - 117 - 125],
1200,1600,2000, [3 - 4 - 5],
1380,1449,2001, [201 - 21 - 29],
770,1848,2002, [5 - 12 - 13],
200,1995,2005, [40 - 399 - 401],
1037,1716,2005,,
1203,1604,2005, [3 - 4 - 5],
1357,1476,2005,,
944,1770,2006, [8 - 15 - 17],
441,1960,2009, [9 - 40 - 41],
1206,1608,2010, [3 - 4 - 5],
363,1980,2013, [11 - 60 - 61],
1064,1710,2014, [28 - 45 - 53],
496,1953,2015, [16 - 63 - 65],
775,1860,2015, [5 - 12 - 13],
1023,1736,2015, [33 - 56 - 65],
1209,1612,2015, [3 - 4 - 5],
792,1855,2017,,
1118,1680,2018, [559 - 840 - 1009],
1155,1656,2019, [385 - 552 - 673],
400,1980,2020, [20 - 99 - 101],
868,1824,2020, [217 - 456 - 505],
1212,1616,2020, [3 - 4 - 5],
1344,1508,2020, [336 - 377 - 505],
1050,1728,2022, [175 - 288 - 337],
952,1785,2023, [8 - 15 - 17],
1127,1680,2023, [161 - 240 - 289],
567,1944,2025, [7 - 24 - 25],
1215,1620,2025, [3 - 4 - 5],
90,2024,2026, [45 - 1012 - 1013],
780,1872,2028, [5 - 12 - 13],
1428,1440,2028, [119 - 120 - 169],
180,2021,2029,,
238,2016,2030, [17 - 144 - 145],
336,2002,2030, [24 - 143 - 145],
1218,1624,2030, [3 - 4 - 5],
1400,1470,2030, [20 - 21 - 29],
156,2025,2031, [52 - 675 - 677],
270,2016,2034, [15 - 112 - 113],
627,1936,2035, [57 - 176 - 185],
660,1925,2035, [12 - 35 - 37],
1144,1683,2035, [104 - 153 - 185],
1221,1628,2035, [3 - 4 - 5],
880,1836,2036, [220 - 459 - 509],
1365,1512,2037, [65 - 72 - 97],
312,2016,2040, [13 - 84 - 85],
864,1848,2040, [36 - 77 - 85],
960,1800,2040, [8 - 15 - 17],
1224,1632,2040, [3 - 4 - 5],
360,2009,2041,,
785,1884,2041, [5 - 12 - 13],
1105,1716,2041, [85 - 132 - 157],
1159,1680,2041,,
1320,1558,2042, [660 - 779 - 1021],
1344,1540,2044, [48 - 55 - 73],
600,1955,2045, [120 - 391 - 409],
693,1924,2045,,
1204,1653,2045,,
1227,1636,2045, [3 - 4 - 5],
897,1840,2047, [39 - 80 - 89],
128,2046,2050, [64 - 1023 - 1025],
450,2000,2050, [9 - 40 - 41],
574,1968,2050, [7 - 24 - 25],
840,1870,2050, [84 - 187 - 205],
992,1794,2050, [496 - 897 - 1025],
1230,1640,2050, [3 - 4 - 5],
1330,1560,2050, [133 - 156 - 205],
476,1995,2051, [68 - 285 - 293],
1428,1475,2053,,
790,1896,2054, [5 - 12 - 13],
111,2052,2055, [37 - 684 - 685],
468,2001,2055, [156 - 667 - 685],
1233,1644,2055, [3 - 4 - 5],
1320,1575,2055, [88 - 105 - 137],
256,2040,2056, [32 - 255 - 257],
968,1815,2057, [8 - 15 - 17],
1420,1491,2059, [20 - 21 - 29],
1236,1648,2060, [3 - 4 - 5],
540,1989,2061, [60 - 221 - 229],
1239,1652,2065, [3 - 4 - 5],
384,2030,2066, [192 - 1015 - 1033],
333,2040,2067, [111 - 680 - 689],
795,1908,2067, [5 - 12 - 13],
1092,1755,2067, [28 - 45 - 53],
1200,1683,2067, [400 - 561 - 689],
819,1900,2069,,
1242,1656,2070, [3 - 4 - 5],
1140,1729,2071, [60 - 91 - 109],
672,1960,2072, [12 - 35 - 37],
374,2040,2074, [11 - 60 - 61],
630,1976,2074, [315 - 988 - 1037],
976,1830,2074, [8 - 15 - 17],
1290,1624,2074, [645 - 812 - 1037],
581,1992,2075, [7 - 24 - 25],
1245,1660,2075, [3 - 4 - 5],
624,1980,2076, [52 - 165 - 173],
512,2016,2080, [16 - 63 - 65],
800,1920,2080, [5 - 12 - 13],
1056,1792,2080, [33 - 56 - 65],
1248,1664,2080, [3 - 4 - 5],
1281,1640,2081,,
1116,1760,2084, [279 - 440 - 521],
1251,1668,2085, [3 - 4 - 5],
714,1960,2086, [51 - 140 - 149],
1440,1512,2088, [20 - 21 - 29],
720,1961,2089,,
1254,1672,2090, [3 - 4 - 5],
459,2040,2091, [9 - 40 - 41],
555,2016,2091, [185 - 672 - 697],
984,1845,2091, [8 - 15 - 17],
1365,1584,2091, [455 - 528 - 697],
805,1932,2093, [5 - 12 - 13],
1080,1794,2094, [180 - 299 - 349],
1257,1676,2095, [3 - 4 - 5],
945,1872,2097, [105 - 208 - 233],
640,1998,2098, [320 - 999 - 1049],
588,2016,2100, [7 - 24 - 25],
1260,1680,2100, [3 - 4 - 5],